group,log_exposure,x1,z1,crashes
0,0.182322,-0.7321,0.3114,1
0,0.641854,0.4152,-1.0284,0
1,-0.105361,1.2235,0.1843,3
1,0.405465,-0.3184,1.1059,0
2,0.693147,0.0271,-0.4450,2
2,-0.356675,-1.1473,0.7094,1
3,0.095310,0.6319,-0.8128,0
3,0.530628,-0.5297,0.2504,2
4,-0.223144,1.0041,0.9042,4
4,0.262364,-0.2035,-0.6543,1
